Timestamp,Answer
2025-12-29T21:26:05.560Z,i am practicing this site
2025-12-29T21:34:57.218Z,nick test 
2025-12-29T21:43:39.088Z,Hi this is from my phone
2025-12-29T21:45:19.752Z,nick test
2025-12-29T21:53:28.268Z,Sun
2025-12-29T21:54:12.682Z,my morning coffee
2025-12-29T21:54:40.729Z,‚öæÔ∏è
2025-12-29T21:55:57.267Z,family
2025-12-29T21:56:06.543Z,the love of my life
2025-12-29T21:56:51.966Z,My energy
2025-12-29T21:57:39.189Z,music 
2025-12-29T21:58:08.802Z,my friends
2025-12-29T21:59:18.894Z,Chipotle
2025-12-29T22:01:04.589Z,the audience 
2025-12-29T22:01:31.451Z,tomorrow
2025-12-29T22:02:26.148Z,holiday
2025-12-29T22:05:15.405Z,I'm gonna miss today
2025-12-29T22:08:19.130Z,holiday
2025-12-29T22:08:33.970Z,My pets and loved ones
2025-12-29T22:08:47.950Z,my girlfriend 
2025-12-29T22:09:25.527Z,my dog
2025-12-29T22:10:46.303Z,my missus
2025-12-29T22:11:17.547Z,everything 
2025-12-29T22:11:23.930Z,Tomorrow 
2025-12-29T22:11:27.661Z,my mom
2025-12-29T22:11:32.545Z,Today
2025-12-29T22:11:39.916Z,the opportunity
2025-12-29T22:11:44.946Z,My swag
2025-12-29T22:11:52.803Z,music
2025-12-29T22:12:01.871Z,Music
2025-12-29T22:12:31.257Z,Today
2025-12-29T22:12:48.644Z,Life 
2025-12-29T22:13:30.290Z,Opportunity 
2025-12-29T22:13:45.123Z,The love of my life
2025-12-29T22:13:40.505Z,nick holiday 
2025-12-29T22:14:20.142Z,Tomorrow i will miss the food i had today
2025-12-29T22:14:21.119Z,holiday
2025-12-29T22:15:22.804Z,The opportunity to have gone harder today
2025-12-29T22:16:21.165Z,No
2025-12-29T22:16:28.037Z,Maybe
2025-12-29T22:16:34.187Z,Ion know
2025-12-29T22:16:53.935Z,my clothes
2025-12-29T22:17:12.447Z,sleeping 
2025-12-29T22:17:30.408Z,everything 
2025-12-29T22:17:34.526Z,Holiday 
2025-12-29T22:18:13.642Z,my cats 
2025-12-29T22:18:18.773Z,my childhood. times were simple nowadays not so much
2025-12-29T22:18:19.478Z,her
2025-12-29T22:18:39.127Z,The moments today
2025-12-29T22:18:47.817Z,Loona
2025-12-29T22:19:12.342Z,music
2025-12-29T22:19:34.087Z,What could be
2025-12-29T22:20:01.279Z,My cats I love them very much 
2025-12-29T22:20:06.346Z,holiday
2025-12-29T22:20:35.519Z,Weed
2025-12-29T22:20:53.263Z,Foodie
2025-12-29T22:21:32.244Z,2026
2025-12-29T22:22:12.726Z,Foodie
2025-12-29T22:22:14.473Z,music
2025-12-29T22:22:58.716Z,my personality
2025-12-29T22:23:24.486Z,Today
2025-12-29T22:23:48.573Z,Tomorrow
2025-12-29T22:24:32.436Z,Yesterday 
2025-12-29T22:24:52.816Z,All I have worked to be if not myself
2025-12-29T22:26:46.092Z,Holiday 
2025-12-29T22:26:50.591Z,Nobody
2025-12-29T22:28:31.008Z,Not saying thank you more 
2025-12-29T22:29:33.426Z,my bed
2025-12-29T22:29:40.440Z,My girlfriend 
2025-12-29T22:30:03.213Z,the certainty of knowing who i was today
2025-12-29T22:31:37.144Z,"annie, id hate to leave without saying bye"
2025-12-29T22:33:53.294Z,Today
2025-12-29T22:34:09.166Z,i dont.
2025-12-29T22:34:18.968Z,my friends
2025-12-29T22:34:48.741Z,today
2025-12-29T22:35:39.273Z,Today
2025-12-29T22:37:25.289Z,her
2025-12-29T22:38:21.079Z,Work
2025-12-29T22:38:51.143Z,My pride
2025-12-29T22:41:00.597Z,Nothing
2025-12-29T22:41:05.098Z,Holiday
2025-12-29T22:41:33.005Z,my best friend ebeau
2025-12-29T22:42:21.862Z,my dog 
2025-12-29T22:46:28.911Z,Unlimited swag 
2025-12-29T22:47:32.540Z,my freedom
2025-12-29T22:49:05.662Z,You
2025-12-29T22:50:43.537Z,Da penjamin üòû
2025-12-29T22:53:35.183Z,HOLIDAY
2025-12-29T22:57:04.119Z,my wornout headphones
2025-12-29T22:59:47.453Z,Leo
2025-12-29T23:00:57.932Z,How are you alive
2025-12-29T23:01:51.919Z,My mom
2025-12-29T23:02:38.029Z,My mothers calls
2025-12-29T23:03:53.658Z,Tranquility Base Hotel and Casino by Arctic Monkeys
2025-12-29T23:04:20.667Z,Today
2025-12-29T23:08:04.466Z,Todays emotions 
2025-12-29T23:13:19.702Z,My bride
2025-12-29T23:13:55.199Z,The sick hat drops 
2025-12-29T23:14:56.466Z,Yesterday
2025-12-29T23:15:40.230Z,everything & nothing at the same
2025-12-29T23:18:13.324Z,Myself 
2025-12-29T23:19:46.210Z,Elliott Smith
2025-12-29T23:29:25.872Z,My mom
2025-12-29T23:30:32.992Z,10 dollar tees
2025-12-29T23:30:56.322Z,Everything 
2025-12-29T23:37:31.284Z,my friends
2025-12-29T23:43:32.256Z,love
2025-12-29T23:46:58.920Z,My cat 
2025-12-29T23:47:19.321Z,My mom
2025-12-29T23:47:20.358Z,my family
2025-12-29T23:49:04.646Z,Yesterday 
2025-12-29T23:53:40.308Z,my dogs
2025-12-29T23:55:13.382Z,Today 
2025-12-30T00:04:30.397Z,Nothing
2025-12-30T00:09:57.615Z,Holiday
2025-12-30T00:10:34.675Z,The perc
2025-12-30T00:14:17.053Z,the sky today
2025-12-30T00:15:05.114Z,being the youngest I‚Äôll ever be
2025-12-30T00:18:36.650Z,What I thought I gained today 
2025-12-30T00:22:23.284Z,music and loved ones
2025-12-30T00:22:36.498Z,Holiday
2025-12-30T00:24:09.289Z,My nyla that I still have not received pls holiday team send it out if u haven‚Äôt I‚Äôm begging 
2025-12-30T00:28:22.354Z,deez nuts 
2025-12-30T00:32:00.932Z,Today
2025-12-30T00:32:43.416Z,Holiday 
2025-12-30T00:34:41.599Z,Water
2025-12-30T00:52:15.970Z,if my loved ones went away 
2025-12-30T00:52:23.543Z,Holiday
2025-12-30T01:01:25.771Z,Jesus
2025-12-30T01:09:44.657Z,Holiday brand
2025-12-30T01:24:15.356Z,The sky
2025-12-30T01:24:29.603Z,my ex still lol
2025-12-30T01:25:45.986Z,I don‚Äôt know 
2025-12-30T01:36:35.467Z,Nick holidays smile
2025-12-30T01:43:05.163Z,me
2025-12-30T01:49:24.026Z,Family
2025-12-30T01:58:15.987Z,who i am right now.
2025-12-30T02:02:21.230Z,This
2025-12-30T02:03:54.452Z,my parents 
2025-12-30T02:06:21.306Z,brockhampton
2025-12-30T02:06:59.585Z,Today
2025-12-30T02:08:03.870Z,The surf
2025-12-30T02:17:11.842Z,Holiday
2025-12-30T02:20:19.993Z,My family 
2025-12-30T02:24:22.855Z,"i dont understand, but this shit look great"
2025-12-30T02:29:07.402Z,The time I wasted
2025-12-30T02:50:32.422Z,Family
2025-12-30T02:50:37.765Z,Me
2025-12-30T02:54:16.483Z,My bags
2025-12-30T02:57:38.999Z,the day before tomorrow
2025-12-30T03:00:40.508Z,Macy
2025-12-30T03:02:22.061Z,Her
2025-12-30T03:02:54.191Z,Music 
2025-12-30T03:10:46.610Z,music!!!
2025-12-30T03:18:26.375Z,My dog
2025-12-30T03:29:20.311Z,you
2025-12-30T03:50:41.347Z,you
2025-12-30T04:10:29.337Z,today
2025-12-30T04:29:26.622Z,Being able to hear. 
2025-12-30T04:34:14.307Z,Holiday
2025-12-30T04:34:24.177Z,Her
2025-12-30T04:34:37.229Z,You
2025-12-30T04:55:27.829Z,Everything 
2025-12-30T05:18:13.672Z,Yesterday
2025-12-30T05:20:55.240Z,The way I feel today
2025-12-30T05:40:51.290Z,my gf
2025-12-30T05:41:12.818Z,kendall
2025-12-30T05:54:53.627Z,Yesterday 
2025-12-30T06:01:03.757Z,Today
2025-12-30T06:26:04.997Z,water
2025-12-30T06:35:14.393Z,today
2025-12-30T06:35:32.066Z,Watching marty supreme for the first time
2025-12-30T06:41:36.878Z,everything
2025-12-30T08:03:58.451Z,today
2025-12-30T08:10:05.655Z,material items for sure
2025-12-30T08:14:37.908Z,Music
2025-12-30T08:21:55.095Z,Oat milk London fog
2025-12-30T08:37:27.242Z,work
2025-12-30T10:46:40.326Z,women
2025-12-30T13:04:46.047Z,my boyfriend holding me in the early morning 
2025-12-30T13:15:21.176Z,Work
2025-12-30T14:55:08.981Z,my dog
2025-12-30T17:40:17.001Z,6 7
2025-12-30T18:01:32.004Z,Today
2025-12-30T20:49:48.695Z,My sleep schedule 
2025-12-30T22:02:51.362Z,my lover
2025-12-31T02:13:49.977Z,holiday
2025-12-31T03:32:49.316Z,"My cat, love, music, laughter"
2025-12-31T04:13:31.166Z,Today
2025-12-31T05:18:07.690Z,My love
2025-12-31T06:02:22.702Z,My wiener dog
2025-12-31T06:02:55.815Z,yesterday
2025-12-31T06:06:08.071Z,my wife
2025-12-31T06:08:57.811Z,nothing
2025-12-31T06:10:19.686Z,I would chose my eyes because I feel like with what I want to do in my life it would be better
2025-12-31T06:21:14.949Z,Same things I missed today 
2025-12-31T06:25:13.706Z,i miss everything all at once
2025-12-31T06:27:43.387Z,my father
2025-12-31T06:31:32.566Z,My cat
2025-12-31T06:49:42.986Z,Church!
2025-12-31T06:52:40.314Z,i dont know
2025-12-31T07:27:20.165Z,My family
2025-12-31T07:27:29.139Z,Music
2025-12-31T07:54:50.303Z,the opportunity to look forward
2025-12-31T08:37:16.017Z,a good sleep in my own bed 
2025-12-31T08:58:44.491Z,deez nuts v2
2025-12-31T09:06:09.842Z,the people from today
2025-12-31T10:35:06.077Z,Something 
2025-12-31T11:31:57.086Z,the moon. the coyotes. the cigarettes. the music 
2025-12-31T13:17:02.624Z,No
2025-12-31T14:10:45.262Z,music :(
2025-12-31T15:29:22.145Z,Time
2025-12-31T16:05:29.897Z,My happiness 
2025-12-31T16:06:45.354Z,My beauty from today
2025-12-31T16:55:20.529Z,being 20
2025-12-31T17:38:28.362Z,My life
2025-12-31T17:38:36.433Z,Today
2025-12-31T17:38:52.362Z,Eyes
2025-12-31T17:38:59.408Z,Hands
2025-12-31T17:39:07.648Z,Eyes or hands
2025-12-31T18:52:56.898Z,Holiday
2025-12-31T18:54:25.957Z,"the beauty & invincibility of my youth, for every passing moment i yearn for what i could‚Äôve been"
2025-12-31T19:16:51.886Z,2024
2025-12-31T19:51:35.526Z,Eyes
2025-12-31T21:36:59.223Z,2025
2025-12-31T22:17:38.776Z,Myself 
2025-12-31T22:21:25.147Z,myself 
2025-12-31T22:23:01.172Z,Her
2025-12-31T22:31:23.383Z,family 
2025-12-31T23:16:50.157Z,Today
2025-12-31T23:45:01.453Z,Myself 
2025-12-31T23:45:16.585Z,Today 
2026-01-01T01:59:30.426Z,Holiday
2026-01-01T05:44:55.367Z,All my friends and lovers
2026-01-01T06:49:52.436Z,2025
2026-01-01T06:58:18.778Z,rachel
2026-01-01T08:26:02.664Z,my Wife
2026-01-01T08:27:15.965Z,my phone
2026-01-01T08:51:32.017Z,My Family
2026-01-01T10:41:07.456Z,Old year 
2026-01-01T13:40:20.077Z,Love
2026-01-01T16:46:32.968Z,Yesterday
2026-01-01T18:16:23.951Z,"Holiday, cuz it‚Äôs still offline "
2026-01-01T18:44:11.684Z,Hope
2026-01-01T19:06:50.003Z,Duhhh
2026-01-01T19:33:59.499Z,I'd miss the same girl I've been missing for a year
2026-01-01T20:10:52.721Z,nothing 
2026-01-01T20:30:23.104Z,Time
2026-01-01T21:35:46.114Z,I would miss my last meal
2026-01-01T21:37:32.972Z,Life
2026-01-01T22:39:02.648Z,Today
2026-01-01T23:09:40.980Z,the feeling of having less time than i do now
2026-01-01T23:13:39.419Z,Everyone
2026-01-01T23:13:39.540Z,today
2026-01-01T23:16:57.893Z,Holiday
2026-01-01T23:22:00.042Z,Myself 
2026-01-01T23:31:52.911Z,My cat 
2026-01-01T23:50:47.894Z,h man
2026-01-01T23:54:54.240Z,movies
2026-01-02T00:03:43.620Z,life
2026-01-02T00:20:34.963Z,Evrrything
2026-01-02T00:31:59.318Z,the things i didn‚Äôt say yesterday
2026-01-02T00:34:35.808Z,holiday
2026-01-02T00:53:28.869Z,Jesus
2026-01-02T01:03:54.619Z,My gang
2026-01-02T01:42:43.574Z,Work
2026-01-02T01:54:44.056Z,Offline
2026-01-02T02:00:43.552Z,friends. family.
2026-01-02T02:46:25.627Z,everyone
2026-01-02T02:48:28.020Z,my girlfriend because i think we‚Äôre breaking up
2026-01-02T03:57:38.380Z,Juul
2026-01-02T04:08:55.105Z,my husband
2026-01-02T04:20:21.790Z,Idk
2026-01-02T04:22:39.763Z,Money
2026-01-02T05:43:31.913Z,Holiday
2026-01-02T06:24:56.911Z,U
2026-01-02T06:53:18.557Z,yesterday 
2026-01-02T07:43:01.577Z,offline
2026-01-02T07:51:03.854Z,Holiday 
2026-01-02T07:51:25.013Z,no one 
2026-01-02T07:51:44.539Z,Xx
2026-01-02T07:53:22.091Z,Idk
2026-01-02T07:55:57.430Z,Not being present. Truly need to be present this year.
2026-01-02T07:56:30.692Z,my crush 
2026-01-02T07:56:44.674Z,Touch
2026-01-02T07:56:51.569Z,everything
2026-01-02T08:10:11.776Z,anticipation
2026-01-02T08:49:39.821Z,Tomorrow 
2026-01-02T09:53:49.056Z,my youthfulness 
2026-01-02T10:00:41.494Z,I‚Äôd miss being me
2026-01-02T10:17:07.487Z,My friends
2026-01-02T10:59:12.312Z,but who asked you
2026-01-02T11:01:16.766Z,but who asked you
2026-01-02T11:14:55.653Z,Family
2026-01-02T11:21:13.510Z,You
2026-01-02T12:44:00.746Z,money
2026-01-02T14:32:57.078Z,This headache
2026-01-02T14:50:31.544Z,Yes
2026-01-02T16:17:44.909Z,my boyfriend
2026-01-02T16:19:35.009Z,My youth
2026-01-02T17:00:42.911Z,"I hate that I‚Äôm materialistic so screw that, I would miss my family"
2026-01-02T17:02:26.711Z,Penis
2026-01-02T17:05:46.225Z,I would miss the soft warm touch from loved ones 
2026-01-02T17:08:24.065Z, the moments I didn't enjoy today
2026-01-02T17:10:28.091Z,her
2026-01-02T17:13:50.548Z,contradiction
2026-01-02T17:14:50.645Z,everything
2026-01-02T17:25:43.600Z,my ex
2026-01-02T17:27:07.848Z,The oppurtunity i thought i had 
2026-01-02T17:28:29.042Z,life
2026-01-02T17:36:13.744Z,Holiday 
2026-01-02T18:38:08.321Z,"My time, everything is fleeting and I genuinely don‚Äôt feel like I use time the way I want or enjoy. I just feel so lost and alone in the world. "
2026-01-02T20:37:27.477Z,my ex
2026-01-02T20:55:15.377Z,WALKING MY DOG
2026-01-02T21:18:18.841Z,Life
2026-01-02T23:15:37.285Z,dick
2026-01-03T00:52:28.841Z,jesus
2026-01-03T01:51:42.114Z,today
2026-01-03T02:14:18.954Z,Music
2026-01-03T02:32:27.227Z,my crush 
2026-01-03T03:03:42.980Z,truth
2026-01-03T03:12:33.513Z,this is giving me an existential crisis
2026-01-03T05:02:54.900Z,my innocence 
2026-01-03T05:30:57.639Z,People
2026-01-03T06:20:43.504Z,stream ‚Äúcoma‚Äù by tramp
2026-01-03T06:28:38.321Z,human touch 
2026-01-03T06:53:22.871Z,Myself
2026-01-03T07:08:46.291Z,You
2026-01-03T07:45:42.120Z,Today
2026-01-03T08:25:44.144Z,life
2026-01-03T09:14:25.742Z,The I love I get
2026-01-03T09:15:32.884Z,My life
2026-01-03T09:26:13.444Z,myself
2026-01-03T11:59:56.464Z,The opportunities I didn‚Äôt take today 
2026-01-03T12:58:03.628Z,Life
2026-01-03T14:33:21.677Z, But who asked you
2026-01-03T14:41:42.999Z,morning dabs
2026-01-03T15:00:48.070Z,Ur mom
2026-01-03T15:18:08.079Z,Music
2026-01-03T16:40:39.342Z,Today
2026-01-03T17:20:31.275Z,DWO
2026-01-03T18:07:57.332Z,i like
2026-01-03T18:50:02.547Z,Holiday
2026-01-03T21:07:54.504Z,today
2026-01-03T22:06:53.868Z,Holiday
2026-01-03T23:54:42.489Z,yesterday
2026-01-04T01:43:24.444Z,Today?
2026-01-04T04:50:57.429Z,Time
2026-01-04T07:01:59.428Z,My girlfriend 
2026-01-04T08:06:45.821Z,i don‚Äôt know 
2026-01-04T09:41:49.260Z,myself
2026-01-04T10:33:23.515Z,Ur mom
2026-01-04T13:52:02.153Z,today
2026-01-04T20:04:45.640Z,G
2026-01-04T20:31:27.280Z,willy wonka 
2026-01-04T20:33:38.128Z,uhh
2026-01-04T20:36:14.952Z,today
2026-01-04T20:39:50.974Z,My cat
2026-01-04T20:47:51.703Z,my mom
2026-01-04T20:47:55.167Z,Idk
2026-01-04T21:13:31.437Z,Everything
2026-01-04T21:20:41.498Z,my dih
2026-01-04T21:22:17.893Z,Willy wonka
2026-01-04T21:51:05.920Z,No
2026-01-04T21:57:11.435Z,everything i am
2026-01-04T22:17:03.934Z,who am i
2026-01-04T22:21:15.111Z,Her
2026-01-04T22:45:53.664Z,Snowboarding
2026-01-04T22:55:20.472Z,Today
2026-01-04T23:02:42.866Z,You
2026-01-04T23:18:42.610Z,My bed 
2026-01-04T23:53:25.635Z,Probably a drop idk
2026-01-05T00:17:03.467Z,my hair
2026-01-05T00:52:40.891Z,nothing
2026-01-05T02:56:37.551Z,Hi
2026-01-05T03:30:32.026Z,Love
2026-01-05T03:57:13.856Z,You
2026-01-05T05:17:37.326Z,holiday look book 
2026-01-05T05:35:06.964Z,Gooning
2026-01-05T08:28:57.391Z,Working
2026-01-05T09:06:36.331Z,Today
2026-01-05T16:48:48.887Z,time
2026-01-05T17:51:47.348Z,A holiday
2026-01-05T19:25:41.294Z,My dog
2026-01-05T20:12:41.996Z,üßçüèª‚Äç‚ôÄÔ∏è
2026-01-05T20:48:33.806Z,no
2026-01-05T21:29:02.296Z,Today
2026-01-05T21:29:06.815Z,always
2026-01-05T22:17:44.916Z,My family
2026-01-05T23:09:10.644Z,@trueintheory
2026-01-05T23:39:17.476Z,Today 
2026-01-06T01:35:15.330Z,my mom
2026-01-06T02:45:16.227Z,I love rum
2026-01-06T02:45:27.779Z,Today
2026-01-06T03:06:28.097Z,The person I wanted to be 
2026-01-06T03:53:00.112Z,Myself
2026-01-06T03:53:27.582Z,9
2026-01-06T03:53:59.111Z,9
2026-01-06T03:56:03.890Z,My mother
2026-01-06T03:56:08.369Z,Offline
2026-01-06T03:56:48.396Z,offline
2026-01-06T03:57:02.268Z,yea
2026-01-06T03:57:03.430Z,prolly chase hall's fine ahh
2026-01-06T03:57:43.367Z,My friendsb
2026-01-06T03:58:54.332Z,Dogs
2026-01-06T03:59:04.850Z,offline
2026-01-06T03:59:07.456Z,Mum
2026-01-06T04:01:41.064Z,You
2026-01-06T04:02:11.149Z,offline
2026-01-06T04:02:59.040Z,her warmth
2026-01-06T04:03:19.046Z,the end of hunter x hunter
2026-01-06T04:03:28.298Z,offline
2026-01-06T04:05:20.484Z,Offline
2026-01-06T04:05:32.366Z,Today
2026-01-06T04:06:37.622Z,My dreams 
2026-01-06T04:07:26.172Z,my bed
2026-01-06T04:07:58.585Z,The holiday 
2026-01-06T04:10:27.086Z,today
2026-01-06T04:11:17.796Z,today
2026-01-06T04:11:31.501Z,Tomorrow 
2026-01-06T04:13:20.468Z,nothing because i dont wanna get fired
2026-01-06T04:13:43.336Z,H
2026-01-06T04:14:29.344Z,offline
2026-01-06T04:16:00.522Z,9
2026-01-06T04:16:32.528Z,My life
2026-01-06T04:17:30.993Z,Offline
2026-01-06T04:18:01.713Z,my blanket
2026-01-06T04:19:09.405Z,nothing
2026-01-06T04:19:09.597Z,Offline
2026-01-06T04:20:42.456Z,Offline
2026-01-06T04:22:54.116Z,My favorite stuffed animal since kindergarten 
2026-01-06T04:26:56.777Z,the oxygen and the outdoors
2026-01-06T04:27:53.395Z,Love
2026-01-06T04:28:16.097Z,My girl
2026-01-06T04:31:04.330Z,9
2026-01-06T04:31:14.016Z,offline
2026-01-06T04:31:50.055Z,Offline
2026-01-06T04:35:52.820Z,Offline
2026-01-06T04:39:26.077Z,Alex.g.offline
2026-01-06T04:39:28.224Z,Her
2026-01-06T04:40:10.333Z,Holiday
2026-01-06T04:40:46.846Z,Offline
2026-01-06T04:41:03.542Z,Offline
2026-01-06T04:42:09.576Z,Everything 
2026-01-06T04:49:44.936Z,Mom
2026-01-06T04:50:59.954Z,9
2026-01-06T04:55:19.888Z,give me your honor
2026-01-06T05:05:28.062Z,The memories of today 
2026-01-06T05:20:58.475Z,offline
2026-01-06T05:21:19.316Z,Sex
2026-01-06T05:27:59.724Z,9
2026-01-06T05:28:08.835Z,nine
2026-01-06T05:43:44.207Z,Me
2026-01-06T06:47:51.423Z,my mom
2026-01-06T07:01:22.013Z,9
2026-01-06T08:01:22.677Z,offline
2026-01-06T08:20:45.929Z,life 
2026-01-06T08:38:35.554Z,LeBron 
2026-01-06T09:02:54.145Z,offline
2026-01-06T09:15:36.599Z,Offline
2026-01-06T11:47:11.840Z,.
2026-01-06T12:46:27.128Z,Offline
2026-01-06T17:48:54.580Z,today
2026-01-06T19:46:32.494Z,My mom
2026-01-06T19:46:43.573Z,Your mom
2026-01-06T19:46:50.043Z,Holiday
2026-01-06T20:28:14.181Z,Her
2026-01-06T20:54:31.106Z,9
2026-01-06T21:42:27.279Z,the sun
2026-01-06T23:12:36.527Z,Me
2026-01-07T01:22:11.746Z,Cheeseburger
2026-01-07T02:21:00.569Z,Holiday
2026-01-07T02:21:08.301Z,You
2026-01-07T05:36:30.892Z,if i was gone? my cat
2026-01-07T06:19:55.814Z,kevin
2026-01-07T18:58:50.703Z,Love
2026-01-07T23:44:29.266Z,family
2026-01-08T05:04:27.907Z,https://holidayisoffline.com/_next/image?url=%2Fh.png&w=1200&q=75
2026-01-08T05:04:41.454Z,holiday 
2026-01-08T22:37:14.271Z,My family 
2026-01-09T04:37:34.763Z,Uu
2026-01-09T20:52:25.189Z,Life
2026-01-09T22:59:34.658Z,mail
2026-01-10T01:42:29.175Z,Aa
2026-01-10T02:00:56.364Z,Time
2026-01-10T02:36:41.441Z,A
2026-01-10T07:35:06.717Z,Who I was before
2026-01-11T01:26:53.417Z,Xxxx
2026-01-11T04:33:03.369Z,Regret of not getting at tattoo
2026-01-11T08:11:12.743Z,my mother
2026-01-11T15:38:33.474Z,today?
2026-01-11T22:25:40.756Z,today
2026-01-12T00:30:33.548Z,You
2026-01-12T05:34:03.544Z,offline
2026-01-12T05:34:44.391Z,offline26
2026-01-12T05:36:41.221Z,Food
2026-01-12T05:47:48.380Z,offline
2026-01-12T05:54:44.928Z,offline
2026-01-12T05:55:45.579Z,the ones i love most
2026-01-12T06:13:01.970Z,Offline
2026-01-12T06:21:04.930Z,being online
2026-01-12T06:22:21.966Z,Aa
2026-01-12T06:23:58.860Z,my vape
2026-01-12T06:24:26.035Z,Offline
2026-01-12T06:24:50.406Z,Life
2026-01-12T06:28:33.380Z,Music
2026-01-12T06:30:58.785Z,Offline
2026-01-12T06:31:09.319Z,theatre
2026-01-12T06:34:15.789Z,theatre
2026-01-12T07:11:49.819Z,my cats
2026-01-12T07:15:00.229Z,Everybody 
2026-01-12T07:17:57.746Z,Theatre
2026-01-12T07:18:07.081Z,Music
2026-01-12T08:22:52.384Z,holiday
2026-01-12T09:03:25.422Z,theatre
2026-01-12T12:51:51.749Z,Theatre
2026-01-12T13:30:57.912Z,offline
2026-01-12T13:40:39.418Z,not sure 
2026-01-12T14:12:27.085Z,the internet
2026-01-12T14:16:44.013Z,Offline
2026-01-12T15:05:24.350Z,Theatre
2026-01-12T15:05:46.368Z,Theatre
2026-01-12T17:36:24.482Z,Yesterday 
2026-01-12T20:17:52.712Z,My mom
2026-01-12T21:37:52.964Z,the moment
2026-01-12T21:38:08.572Z,opportunity
2026-01-12T22:11:58.056Z,theatre
2026-01-12T22:59:01.566Z,My bed
2026-01-13T04:08:58.806Z,offline
2026-01-13T04:11:24.916Z,offline2026
2026-01-13T04:15:34.584Z,today
2026-01-13T04:22:18.679Z,resort
2026-01-13T04:31:15.045Z,today
2026-01-13T04:31:34.557Z,Today.
2026-01-13T04:32:40.833Z,tonight
2026-01-13T04:40:44.607Z,hhh
2026-01-13T04:41:52.341Z,h
2026-01-13T05:28:43.279Z,theatre
2026-01-13T05:48:24.903Z,Offline 
2026-01-13T06:27:25.271Z,theatre
2026-01-13T06:44:39.672Z,her
2026-01-13T07:22:56.297Z,who you think i am
2026-01-13T10:28:54.029Z,Yesterday 
2026-01-13T15:27:22.761Z,Dulce
2026-01-13T15:59:36.031Z,fortnite
2026-01-13T17:09:08.182Z,what are you afraid people would stop loving if they saw clearly?
2026-01-13T17:48:28.148Z,my mother
2026-01-13T18:04:37.953Z,holiday
2026-01-13T18:05:20.450Z,the woods
2026-01-13T18:53:12.343Z,Offline
2026-01-13T18:53:26.862Z,offline
2026-01-13T19:03:52.461Z,survival
2026-01-13T19:08:54.509Z,survival
2026-01-13T19:15:38.744Z,Peptides
2026-01-13T19:28:37.214Z,Instead of posting new content focus on customer support 
2026-01-13T19:30:20.559Z,survival
2026-01-13T19:35:36.356Z,Offline
2026-01-13T19:39:02.082Z,today
2026-01-13T20:31:17.525Z,survival
2026-01-13T20:38:02.023Z,vitamin 
2026-01-13T20:54:03.429Z,those close to me
2026-01-13T21:45:05.494Z,survival
2026-01-13T23:29:34.589Z,Diet Coke 
2026-01-14T00:24:48.968Z,life
2026-01-14T00:26:18.876Z,nick
2026-01-14T02:43:56.718Z,vitamin 
2026-01-14T03:31:13.602Z,Offline
2026-01-14T04:34:25.704Z,burga :(
2026-01-14T04:50:01.760Z,survival
2026-01-14T04:52:38.162Z,the opportunities I didn‚Äôt take today
2026-01-14T06:41:44.927Z,the time i wasted the day before
2026-01-14T09:33:06.233Z,today
2026-01-14T17:58:34.310Z,STAYBROKE
2026-01-14T18:12:08.392Z,me
2026-01-14T18:56:51.704Z,You
2026-01-14T19:44:41.206Z,staybroke
2026-01-14T20:24:16.226Z,offline
2026-01-14T23:44:36.528Z,yes
2026-01-15T02:09:28.379Z,work
2026-01-15T04:15:37.117Z,woods
2026-01-15T04:15:47.197Z,woods
2026-01-15T04:44:39.401Z,January 12
2026-01-15T05:06:03.666Z,myself
2026-01-15T12:19:54.127Z,who i was today
2026-01-15T20:40:12.822Z,My mom
2026-01-15T20:44:17.662Z,the moment of right now
2026-01-15T20:47:12.068Z,Dew
2026-01-15T21:32:40.902Z,yes
2026-01-16T03:40:04.084Z,Guitar hero
2026-01-16T04:52:40.206Z,Money
2026-01-16T06:07:15.623Z,something 
2026-01-16T15:13:55.821Z,you :)
2026-01-16T17:52:04.910Z,the rest I got
2026-01-16T20:14:11.311Z,nothing
2026-01-17T01:10:45.375Z,Online
2026-01-17T02:17:09.391Z,Moments 
2026-01-17T06:26:00.538Z,My dih
2026-01-17T07:12:37.574Z,you
2026-01-17T07:54:40.333Z,family
2026-01-17T09:10:59.278Z,moments
2026-01-17T23:35:11.211Z,the time i have right now
2026-01-18T07:53:49.436Z,Holiday
2026-01-19T05:08:14.416Z,my boyfriend
2026-01-19T05:08:36.340Z,"my boyfriend said ""my girlfriend"""
2026-01-19T21:59:06.643Z,miss tomorrow
2026-01-20T17:24:32.600Z,holiday brand